cliente_id,nombre,fecha_registro,genero,edad,email
1,Evan Jones,2022-10-29,M,30,angelaallen@park-white.info
2,Bobby Grimes,2024-09-09,Otro,65,miguel84@hotmail.com
3,Michele Buchanan,2024-09-03,Otro,30,wromero@gmail.com
4,Danielle Ford,2022-10-12,F,24,matthew38@hotmail.com
5,Ryan Valentine,2023-12-05,F,34,elizabeth26@hotmail.com
6,James Stevens,2022-09-07,M,60,mollyperez@petersen.info
7,Barbara Nelson,2023-03-21,Otro,71,kperez@hotmail.com
8,Matthew Mata,2023-11-30,M,51,collinsmallory@warner.com
9,Tracie Dixon,2022-11-30,F,51,longchristopher@martin-rice.com
10,Matthew Wright,2023-11-21,M,33,michelle68@bowman-young.net
11,Sarah Davis,2024-03-17,F,65,davidbrown@yahoo.com
12,Samuel Washington,2024-06-21,F,32,qjohnson@moss.net
13,David Wilkins,2022-05-31,M,38,nicoleparks@yahoo.com
14,Kathy Campbell,2022-11-10,M,70,jessicavargas@rodriguez.com
15,David Boone,2023-12-25,M,68,gutierrezmichael@martinez.com
16,Chad Long,2023-09-24,F,32,donnapineda@hotmail.com
17,Matthew Chandler,2023-08-22,F,25,seanhunt@gmail.com
18,Keith Davis,2022-07-18,Otro,66,hoganbrian@gmail.com
19,Phillip Johnson,2022-12-31,Otro,20,lsilva@hotmail.com
20,Isaac Lewis,2025-02-19,F,70,rmerritt@payne.org
21,Jasmine Jones,2024-06-20,M,55,robertsfrank@barnes.com
22,Nicholas Miranda,2024-01-22,F,50,breannabenton@goodwin.com
23,Samuel Miller,2022-07-31,F,34,amymartin@gmail.com
24,Megan Wilcox,2022-05-06,F,47,yususan@gmail.com
25,Linda Delgado,2024-12-14,F,32,kmartin@gmail.com
26,Natalie Williams,2022-05-22,F,48,debrawilliams@yahoo.com
27,Brianna Lewis,2023-05-03,Otro,74,mitchellmary@gmail.com
28,Lauren Wilson,2023-09-29,M,36,jobrien@beltran.com
29,Shaun Leon,2022-04-26,M,45,roger72@gmail.com
30,Christopher Morgan,2024-10-30,Otro,42,uchavez@oliver-patterson.com
31,Theresa Rodriguez,2024-02-06,M,40,denise79@warner-scott.com
32,Jorge Gonzalez,2024-06-19,Otro,52,jenniferanderson@davis.com
33,Sean Jenkins,2024-02-24,F,56,benjaminkelly@hardin.info
34,Daniel Parker,2024-10-26,F,44,michelle98@roberts.com
35,Christopher Webster,2023-10-21,F,26,macdonaldshannon@gmail.com
36,Donna Rose,2024-05-24,F,65,ypearson@gmail.com
37,Brian Mcgee,2023-05-02,Otro,20,zsantiago@yahoo.com
38,Justin Mclaughlin,2025-01-20,Otro,38,changjustin@hotmail.com
39,Maureen Smith,2022-12-09,F,67,hilldanielle@payne.org
40,Tina Berg,2023-03-01,Otro,30,yolandaibarra@schultz.com
41,Kelly Johnson,2025-01-21,F,35,lawsonann@zavala.com
42,Roberta Walker,2024-12-13,Otro,35,deborahmercado@obrien.com
43,Maria Gonzalez,2024-01-05,M,73,amy96@ford.biz
44,Chad Franklin,2023-12-25,Otro,31,piercedennis@cohen.com
45,Ms. Kelli Miller,2024-12-04,Otro,61,xoliver@yahoo.com
46,Kathleen Murray,2023-05-25,F,18,oliviagarza@price.com
47,Danielle Estrada,2022-05-08,Otro,57,donald05@carrillo-lewis.com
48,Nicholas Campbell,2025-01-16,M,69,hartchristine@lamb.info
49,Donald Morgan,2025-01-31,F,42,woodwardstacy@hotmail.com
50,Shawn Myers,2022-10-18,F,23,julie97@schneider.info
51,Louis Lopez,2023-07-10,F,22,ejones@garcia.com
52,Jo Nelson,2022-11-07,Otro,47,valerie27@yahoo.com
53,Kelly Brown,2023-12-22,F,73,patriciawilliams@yahoo.com
54,John Brennan,2024-12-27,F,31,rollinsanna@ross.com
55,Bradley Hernandez,2022-12-17,Otro,70,kevin60@paul.com
56,Brittany Martinez,2022-09-07,F,74,vasquezjessica@hotmail.com
57,Heidi Stevenson,2023-11-04,Otro,49,ymendez@lopez-walker.com
58,Kimberly Vasquez,2023-05-30,M,54,zthomas@holland.biz
59,Sandra Jones,2024-02-21,Otro,54,morgantiffany@may-smith.com
60,Joy Mitchell,2023-06-26,F,73,walkerandrea@gentry.com
61,Elizabeth Powers,2024-12-04,M,37,jacquelineroberts@hotmail.com
62,Allison Leach,2023-12-28,M,71,mitchelltimothy@hunt.com
63,Erik Fox,2024-09-10,Otro,74,mary62@gmail.com
64,Judy Park,2023-01-08,F,59,creid@yahoo.com
65,Maria Gross,2023-04-12,M,58,cwilcox@gmail.com
66,Jennifer Jones,2024-03-11,Otro,27,lindsey92@brown.net
67,Daniel Rhodes,2023-12-23,F,55,brownkaren@jimenez.com
68,Dr. Chad Chandler,2024-09-19,F,28,patricialong@cardenas.com
69,Wesley Perez,2025-03-24,Otro,56,davidcochran@parker.com
70,Sandra Mcconnell,2022-09-06,M,59,erika66@hotmail.com
71,Daniel Davis,2023-05-02,F,24,yangallen@hotmail.com
72,Justin Cox,2024-02-09,M,36,william85@hotmail.com
73,Angela Myers,2025-03-09,Otro,25,cole27@jones.biz
74,Edgar Torres,2025-01-16,Otro,36,elliottpatrick@garcia.org
75,Christina Roth,2023-11-26,Otro,46,gsmith@solis-fernandez.com
76,Alexandria Huang,2022-09-01,Otro,27,olivia70@yahoo.com
77,Janice Gonzalez,2023-06-03,F,36,dlee@robbins.com
78,Mallory Brown,2025-01-20,F,25,tiffanyhayes@campbell.com
79,Matthew Rivera,2023-01-06,Otro,23,jcrawford@hotmail.com
80,Sarah Huang,2022-10-18,Otro,60,kayla16@martin.info
81,Paula Landry,2023-03-01,M,69,thomas41@hatfield-johnston.com
82,Jeanne Parker,2023-10-24,Otro,19,claytonnicole@yahoo.com
83,Brian Wolf,2023-01-18,Otro,60,ubean@edwards-rice.com
84,Angelica Prince,2025-03-08,M,34,gina94@hutchinson.com
85,Antonio Hester,2024-01-01,Otro,19,kathleennorton@sutton.com
86,Juan Zimmerman,2022-11-03,F,56,hcline@goodman.net
87,Daniel Bradley,2022-06-16,Otro,69,joshuakane@hotmail.com
88,Patrick Moon,2024-08-04,Otro,68,charles56@anthony.net
89,William Patterson,2024-07-02,Otro,60,qsandoval@shelton.com
90,Gabrielle Stevens,2022-11-18,Otro,74,cheryl47@gmail.com
91,Michael Brooks,2023-10-21,M,39,mercertaylor@watkins.com
92,Amanda Lewis,2024-10-05,Otro,49,wunderwood@cline.net
93,James Smith,2022-07-15,F,60,keith03@hotmail.com
94,Mr. Matthew Strong DVM,2025-03-17,M,22,steven34@collins.com
95,Jessica Baker,2022-11-05,F,47,rowerobert@hotmail.com
96,Lisa Brown,2022-08-30,F,61,justin83@gmail.com
97,Samuel Bryant,2023-06-25,Otro,34,wcruz@hamilton.com
98,Michael Gonzalez,2022-08-30,F,29,jasonliu@gmail.com
99,David Cardenas,2023-02-09,Otro,66,martinezmichael@waters.com
100,Sue Osborne,2022-11-05,M,26,jason31@liu-evans.org
101,Evelyn Huerta,2024-10-06,M,45,brandonfox@jones.com
102,Pamela Martin,2022-08-04,M,40,roberto34@brown-jones.com
103,Sandra Young,2022-09-12,M,53,joseph18@gmail.com
104,Sarah Mendoza,2024-06-24,Otro,26,marcvega@ray-curtis.biz
105,Chad Hampton,2024-02-04,F,70,stewartregina@hotmail.com
106,Jessica Steele,2023-02-07,F,20,morriswilliam@jackson-carroll.net
107,Jamie Martinez,2024-09-30,F,74,michael32@daniel.com
108,Adam Hicks,2024-07-11,Otro,54,amandapeters@gmail.com
109,Tyrone Jones,2024-07-07,M,38,hcastro@hotmail.com
110,Albert Williams,2024-12-06,M,66,merickson@yahoo.com
111,Julian Rose,2024-08-19,F,46,shahgary@yahoo.com
112,Philip Lewis,2023-12-11,F,50,tgreen@scott-daniels.com
113,Natasha Davenport,2023-12-31,M,30,christinahaas@carpenter-grimes.info
114,Jessica Fields,2023-10-04,F,33,juan43@gmail.com
115,Nicole Lee,2023-01-01,Otro,24,brendajohnson@hotmail.com
116,Margaret Sullivan,2022-12-31,Otro,73,chaynes@white.net
117,Amanda Moore,2023-06-21,Otro,21,cgray@yahoo.com
118,Anthony Davis,2023-12-15,F,61,wendyguerrero@leblanc.net
119,Norman Phillips,2024-04-07,F,41,ray42@gmail.com
120,Yvette Morrison,2023-06-25,F,60,christina98@parker.com
121,Raymond Olson,2025-01-12,F,63,anguyen@yahoo.com
122,Judith Grant,2024-08-02,F,58,adam57@yahoo.com
123,Jonathan Dominguez,2024-01-10,F,55,powellerin@yahoo.com
124,Jason Newman,2023-10-06,Otro,46,john82@fox-cook.org
125,William Hernandez,2022-05-17,Otro,64,richard71@yahoo.com
126,Cassie Williams,2022-10-17,Otro,70,timothy06@dawson.biz
127,Brian Freeman,2022-12-29,Otro,32,angela49@yahoo.com
128,Daniel Wade,2024-04-08,M,59,zjohnson@moore-arias.com
129,Kathleen Maynard,2022-11-27,Otro,61,nathansmall@hotmail.com
130,Melissa Bell,2024-01-08,F,66,knightdanielle@yahoo.com
131,Alex Price,2023-11-12,Otro,67,jacob52@ortiz.com
132,Jerry Mays,2024-11-06,Otro,22,roweangela@robertson-baker.com
133,Leah Cline,2024-07-11,F,75,yhorton@yahoo.com
134,Gabriela Owen,2025-03-23,Otro,50,hutchinsonanthony@oneal.com
135,Robert Garcia,2023-04-09,M,42,shannonmccann@hotmail.com
136,Nancy Moyer,2023-03-15,F,31,christinaturner@gmail.com
137,Chase Downs,2024-03-05,F,26,ramosdawn@hotmail.com
138,Kayla Barnes,2022-10-03,F,43,janice52@hotmail.com
139,Lisa Hays,2024-10-25,M,63,zwebb@pratt.com
140,Richard Becker,2023-04-01,M,20,alvarezjames@hatfield.net
141,Meghan Perry,2025-03-04,Otro,46,ericblack@ward-harper.com
142,Joseph Guerrero,2025-04-07,M,43,millerannette@gmail.com
143,Anne Coffey DVM,2022-08-22,Otro,55,robertsjennifer@stephens.com
144,Tammy Norton,2024-03-02,F,40,rmcdaniel@hotmail.com
145,Douglas Solis,2022-07-18,F,34,xjones@james.biz
146,Holly Collins,2024-02-22,F,39,jimmygrant@castillo-downs.info
147,Anthony Garcia,2024-06-30,F,67,otaylor@smith.org
148,Brian Norris,2024-03-28,Otro,36,mario44@dominguez-robinson.com
149,Christopher Clark,2024-04-16,Otro,61,raymond67@mitchell-koch.org
150,Tammy Lopez,2022-05-19,M,69,caseyherring@yahoo.com
